{"fields":[
    {
      "key": "agendaID",
      "alias": "Agenda ID",
      "visible": false,
      "queryValid": true
    },
    {
      "key": "clientname",
      "alias": "Client Name",
      "visible": true,
      "queryValid": true
    },
    {
        "key": "courtcaseno",
        "alias": "Court Case No",
        "visible": true,
        "queryValid": true
      },
      {
        "key": "dra",
        "alias": " DRA ",
        "visible": true,
        "queryValid": true
      },
      {
        "key": "ddra",
        "alias": "DDRA",
        "visible": true,
        "queryValid": true
      },
      {
        "key": "councelassigned",
        "alias": "Councel Assigned",
        "visible": true,
        "queryValid": true
      }

    ],"table_name":"trn_agenda"}