{"fields":[
    {
      "key": "name",
      "alias": "Name",
      "visible": true,
      "queryValid": true
    },
    {
      "key": "submitted",
      "alias": "Submitted",
      "visible": true,
      "queryValid": true
    },
    {
      "key": "date",
      "alias": "Date",
      "visible": true,
      "queryValid": true
    },
    {
        "key": "unsubmit",
        "alias": "Unsubmit",
        "visible": true,
        "queryValid": true
      },
      {
        "key": "download",
        "alias": "Download",
        "visible": true,
        "queryValid": true
      }     
             
    ],"table_name":"trn_agenda"}